<?xml version="1.0" encoding="UTF-8"?>
<jcr:root xmlns:sling="http://sling.apache.org/jcr/sling/1.0" xmlns:cq="http://www.day.com/jcr/cq/1.0" xmlns:jcr="http://www.jcp.org/jcr/1.0" xmlns:nt="http://www.jcp.org/jcr/nt/1.0"
    jcr:primaryType="nt:unstructured"
    jcr:title="Testimonial Component"
    sling:resourceType="cq/gui/components/authoring/dialog">
    <content
        jcr:primaryType="nt:unstructured"
        sling:resourceType="granite/ui/components/foundation/container">
        <layout
            jcr:primaryType="nt:unstructured"
            sling:resourceType="granite/ui/components/foundation/layouts/tabs"/>
        <items jcr:primaryType="nt:unstructured">
            <content
                jcr:primaryType="nt:unstructured"
                jcr:title="Content"
                sling:resourceType="granite/ui/components/foundation/section">
                <layout
                    jcr:primaryType="nt:unstructured"
                    sling:resourceType="granite/ui/components/foundation/layouts/fixedcolumns"/>
                <items jcr:primaryType="nt:unstructured">
                    <column
                        jcr:primaryType="nt:unstructured"
                        sling:resourceType="granite/ui/components/foundation/container">
                        <items jcr:primaryType="nt:unstructured">
                            <title
                                jcr:primaryType="nt:unstructured"
                                sling:resourceType="granite/ui/components/foundation/form/textfield"
                                fieldDescription="Enter the title: Recommended character length upto 85"
                                fieldLabel="Enter the Quote"
                                name="./quoteText"/>
                            <titleTag
                                jcr:primaryType="nt:unstructured"
                                sling:resourceType="granite/ui/components/foundation/form/select"
                                fieldDescription="Choose the title tag"
                                fieldLabel="Title Tag"
                                name="./titleTag">
                                <items jcr:primaryType="nt:unstructured">
                                    <h2
                                        jcr:primaryType="nt:unstructured"
                                        text="H2"
                                        value="h2"/>
                                    <h3
                                        jcr:primaryType="nt:unstructured"
                                        text="H3"
                                        value="h3"/>
                                    <h4
                                        jcr:primaryType="nt:unstructured"
                                        text="H4"
                                        value="h4"/>
                                    <h5
                                        jcr:primaryType="nt:unstructured"
                                        text="H5"
                                        value="h5"/>
                                    <h6
                                        jcr:primaryType="nt:unstructured"
                                        text="H6"
                                        value="h6"/>
                                    <h7
                                        jcr:primaryType="nt:unstructured"
                                        text="H7"
                                        value="h7"/>
                                </items>
                            </titleTag>
                            <byline
                                jcr:primaryType="nt:unstructured"
                                sling:resourceType="granite/ui/components/coral/foundation/form/textfield"
                                fieldDescription="Please enter the Quote name: Recommended character length upto 85"
                                fieldLabel="Enter the Quote name"
                                name="./quoteName"/>
                            <logo
                                jcr:primaryType="nt:unstructured"
                                sling:resourceType="granite/ui/components/coral/foundation/form/pathfield"
                                fieldLabel="Select the Logo"
                                name="./logo"
                                rootPath="/content/dam/eon-energy-com"/>
                            <logoalttext
                                jcr:primaryType="nt:unstructured"
                                sling:resourceType="granite/ui/components/coral/foundation/form/textfield"
                                fieldDescription="Enter the alt text for logo"
                                fieldLabel="Logo alt text"
                                name="./alttextLogo"/>
                        </items>
                    </column>
                </items>
            </content>
            <design
                jcr:primaryType="nt:unstructured"
                jcr:title="Design"
                sling:resourceType="granite/ui/components/foundation/section">
                <layout
                    jcr:primaryType="nt:unstructured"
                    sling:resourceType="granite/ui/components/foundation/layouts/fixedcolumns"/>
                <items jcr:primaryType="nt:unstructured">
                    <column
                        jcr:primaryType="nt:unstructured"
                        sling:resourceType="granite/ui/components/foundation/container">
                        <items jcr:primaryType="nt:unstructured">
                            <textAnimation
                                jcr:primaryType="nt:unstructured"
                                sling:resourceType="granite/ui/components/foundation/form/select"
                                fieldDescription="Choose if animation is needed for the text"
                                fieldLabel="Animation Required"
                                name="./textAnimation">
                                <items jcr:primaryType="nt:unstructured">
                                    <yes
                                        jcr:primaryType="nt:unstructured"
                                        text="Yes"
                                        value="animate"/>
                                    <no
                                        jcr:primaryType="nt:unstructured"
                                        text="No"
                                        value=""/>
                                </items>
                            </textAnimation>
                        </items>
                    </column>
                </items>
            </design>
        </items>
    </content>
</jcr:root>
